user_query,llm_name,response
Data Science,GPT-Neo 1.3B,"Data Science

Data Science

Data Science

Data Science

Data Science

Data Science

Data Science

Data Science

Data Science

Data Science

Data Science

Data Science

Data Science

Data Science

Data Science

Data Science

Data Science

Data Science

Data Science

Data Science

Data Science

Data Science

Data Science

Data Science

Data Science

Data Science

Data Science

Data Science

Data Science

Data Science

Data Science

Data Science

Data Science

Data Science

Data Science

Data Science

Data Science

Data Science

Data Science

Data Science

Data Science

Data Science

Data Science

Data Science

Data Science

Data Science

Data Science

Data Science

Data Science

Data Science

Data Science

Data Science

Data Science

Data Science

Data Science

Data Science

Data Science

Data Science

Data Science

Data Science

Data Science

Data Science

Data Science

Data Science

Data Science

Data Science

Data Science

Data Science

Data Science

Data Science

Data Science

Data Science

Data Science

Data Science

Data Science

"
Advantages of Data Science,GPT-Neo 1.3B,"Advantages of Data Science

Data science is a field of study that deals with the analysis of data. Data science is a field of study that deals with the analysis of data. Data science is a field of study that deals with the analysis of data. Data science is a field of study that deals with the analysis of data. Data science is a field of study that deals with the analysis of data. Data science is a field of study that deals with the analysis of data. Data science is a field of study that deals with the analysis of data. Data science is a field of study that deals with the analysis of data. Data science is a field of study that deals with the analysis of data. Data science is a field of study that deals with the analysis of data. Data science is a field of study that deals with the analysis of data. Data science is a field of study that deals with the analysis of data. Data science is a field of study that deals with the analysis of data. Data science is a field of study that deals with the analysis of data. Data science is a field of study that deals with the analysis of data. Data science is a field of study that deals with the analysis of data. Data science is a field of study that deals with the analysis of data. Data science is a field of study that deals with the analysis of data. Data science is a field of study that deals with the analysis of data. Data science is a field of study"
Advantages of Data Science,Bloom-560M,"Advantages of Data Science
In this section, we discuss the advantages and disadvantages of data science. We first discuss the advantages of data science. Then, we discuss the disadvantages of data science.
Advantages of Data Science
Data science is a new field of research in the field of computer science. Data science is a new field of research in the field of computer science. Data science is a new field of research in the field of computer science. Data science is a new field of research in the field of computer science. Data science is a new field of research in the field of computer science. Data science is a new field of research in the field of computer science. Data science is a new field of research in the field of computer science. Data science is a new field of research in the field of computer science. Data science is a new field of research in the field of computer science. Data science is a new field of research in the field of computer science. Data science is a new field of research in the field of computer science. Data science is a new field of research in the field of computer science. Data science is a new field of research in the field of computer science. Data science is a new field of research in the field of computer science. Data science is a new field of research in the field of computer science. Data science is a new field of research in the field of computer science. Data science is a new field of research in the field of computer"
Advantages of Data Science,OPT-1.3B,"Advantages of Data Science

Advantages of Data Science

Data science is a branch of computer science that deals with the analysis of large amounts of data. It is a branch of computer science that deals with the analysis of large amounts of data. It is a branch of computer science that deals with the analysis of large amounts of data. It is a branch of computer science that deals with the analysis of large amounts of data. It is a branch of computer science that deals with the analysis of large amounts of data. It is a branch of computer science that deals with the analysis of large amounts of data. It is a branch of computer science that deals with the analysis of large amounts of data."
Advantages of Artificial intelligence,GPT-Neo 1.3B,"Advantages of Artificial intelligence (AI)

Artificial intelligence (AI) is a branch of computer science that aims to mimic the human mind. It is a branch of computer science that aims to mimic the human mind. It is a branch of computer science that aims to mimic the human mind. It is a branch of computer science that aims to mimic the human mind. It is a branch of computer science that aims to mimic the human mind. It is a branch of computer science that aims to mimic the human mind. It is a branch of computer science that aims to mimic the human mind. It is a branch of computer science that aims to mimic the human mind. It is a branch of computer science that aims to mimic the human mind. It is a branch of computer science that aims to mimic the human mind. It is a branch of computer science that aims to mimic the human mind. It is a branch of computer science that aims to mimic the human mind. It is a branch of computer science that aims to mimic the human mind. It is a branch of computer science that aims to mimic the human mind. It is a branch of computer science that aims to mimic the human mind. It is a branch of computer science that aims to mimic the human mind. It is a branch of computer science that aims to mimic the human mind. It is a branch of computer science that aims to mimic the human mind. It is a branch of computer science that aims to mimic the human mind"
Advantages of Artificial intelligence,Bloom-560M,"Advantages of Artificial intelligence (AI) in the field of health care
In the field of health care, Artificial Intelligence (AI) has become an integral part of the health care system. Artificial Intelligence (AI) has become an integral part of the health care system. Artificial Intelligence (AI) has become an integral part of the health care system. Artificial Intelligence (AI) has become an integral part of the health care system. Artificial Intelligence (AI) has become an integral part of the health care system. Artificial Intelligence (AI) has become an integral part of the health care system. Artificial Intelligence (AI) has become an integral part of the health care system. Artificial Intelligence (AI) has become an integral part of the health care system. Artificial Intelligence (AI) has become an integral part of the health care system. Artificial Intelligence (AI) has become an integral part of the health care system. Artificial Intelligence (AI) has become an integral part of the health care system. Artificial Intelligence (AI) has become an integral part of the health care system. Artificial Intelligence (AI) has become an integral part of the health care system. Artificial Intelligence (AI) has become an integral part of the health care system. Artificial Intelligence (AI) has become an integral part of the health care system. Artificial Intelligence (AI) has become an integral part of the health care system. Artificial Intelligence (AI) has become an integral part of the health care system. Artificial Intelligence (AI)"
Advantages of Artificial intelligence,OPT-1.3B,"Advantages of Artificial intelligence

Advantages of Artificial intelligence

Artificial intelligence (AI) is a branch of computer science that deals with the development and application of artificial intelligence. AI is a branch of computer science that deals with the development and application of artificial intelligence. AI is a branch of computer science that deals with the development and application of artificial intelligence. AI is a branch of computer science that deals with the development and application of artificial intelligence. AI is a branch of computer science that deals with the development and application of artificial intelligence. AI is a branch of computer science that deals with the development and application of artificial intelligence. AI is a branch of computer science that deals with the development and application of artificial intelligence. AI is a branch of computer science that deals with the development and application of artificial intelligence. AI is a branch of computer science that deals with the development and application of artificial intelligence. AI is a branch of computer science that deals with the development and application of artificial intelligence. AI is a branch of computer science that deals with the development and application of artificial intelligence. AI is a branch of computer science that deals with the development and application of artificial intelligence. AI is a branch of computer science that deals with the development and application of artificial intelligence."
Article on Maha Khumbh India 2025,GPT-Neo 1.3B,"Article on Maha Khumbh India 2025

Maha Khumbh India 2025

Maha Khumbh India 2025

Maha Khumbh India 2025

Maha Khumbh India 2025

Maha Khumbh India 2025

Maha Khumbh India 2025

Maha Khumbh India 2025

Maha Khumbh India 2025

Maha Khumbh India 2025

Maha Khumbh India 2025

Maha Khumbh India 2025

Maha Khumbh India 2025

Maha Khumbh India 2025

Maha Khumbh India 2025

Maha Khumbh India 2025

Maha Khumbh India 2025

Maha Khumbh India 2025

Maha Khumbh India 2025

Maha Khumbh India 2025

Maha Khumbh India 2025

Maha Khumbh India 2025

Maha Khumbh India 2025

Maha Khumbh India 2025

Maha Khumbh India 2025

Maha Khumbh India 2025

Maha Khumbh India 2025

Maha Khumbh India 2025

Maha Khumbh India 2025

Maha Khumbh India 2025

Maha Khumbh India 2025

Maha Khumbh India 2025

Maha Khumbh India 2025

Mah"
Information on Maha Khumbh India 2025,GPT-Neo 1.3B,"Information on Maha Khumbh India 2025

Maha Khumbh India 2025

Maha Khumbh India 2025

Maha Khumbh India 2025

Maha Khumbh India 2025

Maha Khumbh India 2025

Maha Khumbh India 2025

Maha Khumbh India 2025

Maha Khumbh India 2025

Maha Khumbh India 2025

Maha Khumbh India 2025

Maha Khumbh India 2025

Maha Khumbh India 2025

Maha Khumbh India 2025

Maha Khumbh India 2025

Maha Khumbh India 2025

Maha Khumbh India 2025

Maha Khumbh India 2025

Maha Khumbh India 2025

Maha Khumbh India 2025

Maha Khumbh India 2025

Maha Khumbh India 2025

Maha Khumbh India 2025

Maha Khumbh India 2025

Maha Khumbh India 2025

Maha Khumbh India 2025

Maha Khumbh India 2025

Maha Khumbh India 2025

Maha Khumbh India 2025

Maha Khumbh India 2025

Maha Khumbh India 2025

Maha Khumbh India 2025

Maha Khumbh India 2025

Mah"
Information on Maha Kumbh India 2025,Bloom-560M,"Information on Maha Kumbh India 2025
The Maha Kumbh India 2025 initiative is an initiative of the Maha Kumbh India Foundation (MKIF). The Maha Kumbh India Foundation (MKIF) is a non-profit organization dedicated to promoting the welfare of the people of India. The Maha Kumbh India Foundation (MKIF) is a non-profit organization dedicated to promoting the welfare of the people of India. Maha Kumbh India Foundation (MKIF) is a non-profit organization dedicated to promoting the welfare of the people of India. Maha Kumbh India Foundation (MKIF) is a non-profit organization dedicated to promoting the welfare of the people of India. Maha Kumbh India Foundation (MKIF) is a non-profit organization dedicated to promoting the welfare of the people of India. Maha Kumbh India Foundation (MKIF) is a non-profit organization dedicated to promoting the welfare of the people of India. Maha Kumbh India Foundation (MKIF) is a non-profit organization dedicated to promoting the welfare of the people of India. Maha Kumbh India Foundation (MKIF) is a non-profit organization dedicated to promoting the welfare of the people of India. Maha Kumbh India Foundation (MKIF) is a non-profit organization dedicated to promoting the welfare of the people of India. Maha Kumbh India Foundation (MKIF) is a non-profit organization dedicated to promoting the welfare of"
Information on Maha Kumbh India 2025,OPT-1.3B,"Information on Maha Kumbh India 2025

The Maha Kumbh Mela will be held in Haridwar, Uttarakhand, India from April 1st to April 30th, 2025.

The Maha Kumbh Mela will be held in Haridwar, Uttarakhand, India from April 1st to April 30th, 2025.

The Maha Kumbh Mela will be held in Haridwar, Uttarakhand, India from April 1st to April 30th, 2025.

The Maha Kumbh Mela will be held in Haridwar, Uttarakhand, India from April 1st to April 30th, 2025."
